gene	n_tumor	n_normal	mean_tumor	mean_normal	log2FC	pvalue	pvalue_paired	direction	significance
CDH3	72	72	3.6916	0.5365	3.1551	1.1117225778980308e-36	7.625444564974622e-34	Up	***
CLDN1	72	72	3.7863	0.4317	3.3546	7.809009801008092e-35	5.524449796994354e-33	Up	***
ETV4	72	72	5.0538	0.9692	4.0846	2.782060944754584e-44	2.938891678923062e-37	Up	***
KRT80	72	72	2.9166	0.3023	2.6143	1.5083181634331087e-31	1.9323228196738762e-28	Up	***
