gene_id	gene_id_clean	stability_score	in_NAT	in_GTEx_All	in_Transverse	in_Sigmoid	log2FC	padj	direction	lasso_coef	rf_importance
ENSG00000279473.1	ENSG00000279473	3	False	True	True	True	11.574029361917852	0.0	Up	0.9170107299945662	0.0637507033620205
ENSG00000062038.13	ENSG00000062038	3	False	True	True	True	7.374644438185936	2.7134772532731403e-264	Up	0.5245498724384139	0.0436175022639076
ENSG00000175832.12	ENSG00000175832	3	True	True	False	True	5.345197661754297	5.284077635737636e-44	Up	0.417237486425783	0.0331256470769389
ENSG00000163347.5	ENSG00000163347	3	True	True	True	False	4.843430087036166	1.4191877801091406e-41	Up	0.2237700380920554	0.0260466366233502
ENSG00000167767.13	ENSG00000167767	3	False	True	True	True	6.908250989553869	1.1307226878968e-246	Up	0.2532789232230916	0.0129752467974358
ENSG00000235734.4	ENSG00000235734	3	False	True	True	True	9.826664343176503	1.3523698408727824e-183	Up	0.304102684772113	0.0128023065497914
