gene_id	gene_id_clean	stability_score	in_NAT	in_GTEx_All	in_Transverse	in_Sigmoid	log2FC	padj	direction	lasso_coef	rf_importance
ENSG00000240854.1	ENSG00000240854	2	False	True	True	False	7.346581271497431	5.456936029517579e-203	Up	0.4817064506561896	0.0233641267320694
ENSG00000229237.2	ENSG00000229237	2	False	True	True	False	10.767731173526125	3.536252607862716e-221	Up	0.5286600620923627	0.0231959473970814
ENSG00000147576.15	ENSG00000147576	2	False	True	False	True	-5.3635152577232414	5.104162108041702e-172	Down	-0.1711841666597774	0.0099312599276733
ENSG00000170373.8	ENSG00000170373	2	False	True	True	False	12.677326172063433	2.884920384910557e-230	Up	0.1133742994850097	0.0064094030170702
ENSG00000167549.18	ENSG00000167549	2	False	False	True	True	-5.6152572150725515	1.063317652573038e-76	Down	-0.0712893635785341	0.0061269431313692
